{"score_train": "1.0", "score_test": "0.9703", "classification_report": {"0": {"precision": 0.9835390946502057, "recall": 0.9855670103092784, "f1-score": 0.9845520082389289, "support": 970}, "1": {"precision": 0.9845360824742269, "recall": 0.9922077922077922, "f1-score": 0.9883570504527813, "support": 1155}, "2": {"precision": 0.9612778315585673, "recall": 0.9622093023255814, "f1-score": 0.9617433414043582, "support": 1032}, "3": {"precision": 0.9690522243713733, "recall": 0.962536023054755, "f1-score": 0.9657831325301205, "support": 1041}, "4": {"precision": 0.9717083786724701, "recall": 0.9770240700218819, "f1-score": 0.9743589743589743, "support": 914}, "5": {"precision": 0.976027397260274, "recall": 0.9553072625698324, "f1-score": 0.9655561829474872, "support": 895}, "6": {"precision": 0.9694811800610377, "recall": 0.9865424430641822, "f1-score": 0.9779374037968188, "support": 966}, "7": {"precision": 0.9661181026137464, "recall": 0.9689320388349515, "f1-score": 0.9675230247212797, "support": 1030}, "8": {"precision": 0.9658291457286432, "recall": 0.9590818363273453, "f1-score": 0.9624436654982473, "support": 1002}, "9": {"precision": 0.9545913218970736, "recall": 0.9507537688442211, "f1-score": 0.9526686807653575, "support": 995}, "accuracy": 0.9703, "macro avg": {"precision": 0.9702160759287619, "recall": 0.9700161547559821, "f1-score": 0.9700923464714354, "support": 10000}, "weighted avg": {"precision": 0.9702879798400865, "recall": 0.9703, "f1-score": 0.9702714234581399, "support": 10000}}, "confusion_matrix_stats": [[956, 0, 0, 0, 1, 1, 4, 2, 5, 1], [0, 1146, 1, 3, 3, 0, 0, 1, 1, 0], [5, 3, 993, 3, 3, 2, 4, 10, 8, 1], [1, 0, 10, 1002, 0, 5, 0, 10, 3, 10], [0, 1, 1, 0, 893, 0, 5, 0, 3, 11], [2, 2, 1, 10, 1, 855, 10, 0, 6, 8], [1, 4, 1, 0, 1, 5, 953, 0, 1, 0], [2, 3, 15, 0, 4, 0, 0, 998, 0, 8], [2, 4, 8, 6, 3, 4, 5, 3, 961, 6], [3, 1, 3, 10, 10, 4, 2, 9, 7, 946]]}